Symbol,Current_Price,Total_Score,Trend1_Pass,Trend1_Current,Trend1_Threshold,Trend2_Pass,Trend2_Current,Trend2_Threshold,Snapback_Pass,Snapback_RSI,Snapback_Threshold,Momentum_Pass,Momentum_Current,Momentum_Threshold,Stabilizing_Pass,Stabilizing_Current,Stabilizing_Threshold,Calculation_Time
ADSK,297.0,5,YES,297.0,290.424,YES,297.0,281.6813,YES,39.73,50.0,YES,297.0,295.35,YES,5.671667,6.72415,2025-05-30 09:33:13
AGCO,101.52,5,YES,101.52,99.9694,YES,101.52,95.0143,YES,36.5,50.0,YES,101.52,100.48,YES,1.807333,2.752,2025-05-30 09:36:20
AMZN,205.7,5,YES,205.7,200.0949,YES,205.7,202.3323,YES,11.48,50.0,YES,205.7,200.99,YES,4.51,4.731667,2025-05-30 09:48:21
ARKF,40.93,5,YES,40.93,39.4585,YES,40.93,37.2954,YES,48.23,50.0,YES,40.93,40.58,YES,0.836667,0.923333,2025-05-30 10:15:47
ARKK,56.62,5,YES,56.62,54.886,YES,56.62,53.6397,YES,44.62,50.0,YES,56.62,56.07,YES,1.553333,1.63285,2025-05-30 10:14:12
BAC,44.24,5,YES,44.24,42.9612,YES,44.24,42.3316,YES,39.99,50.0,YES,44.24,43.2,YES,0.686167,0.88225,2025-05-30 10:07:01
BILI,19.07,5,YES,19.07,18.3985,YES,19.07,18.4316,YES,31.78,50.0,YES,19.07,18.935,YES,0.57,0.658333,2025-05-30 09:29:41
DELL,113.63,5,YES,113.63,106.8952,YES,113.63,102.0392,YES,31.43,50.0,YES,113.63,112.11,YES,3.028233,3.308283,2025-05-30 09:39:38
DIS,112.02,5,YES,112.02,106.8958,YES,112.02,102.9846,YES,29.75,50.0,YES,112.02,109.72,YES,2.07,2.12275,2025-05-30 09:36:25
DRIV,22.31,5,YES,22.31,21.9259,YES,22.31,21.9307,YES,49.49,50.0,YES,22.31,21.94,YES,0.34,0.363333,2025-05-30 10:19:13
EGO,19.99,5,YES,19.99,19.1452,YES,19.99,17.1698,YES,48.36,50.0,YES,19.99,19.81,YES,0.443333,0.520833,2025-05-30 10:01:54
FAN,17.12,5,YES,17.12,16.567,YES,17.12,15.5837,YES,45.43,50.0,YES,17.12,16.8,YES,0.126633,0.224983,2025-05-30 10:17:19
FINX,30.65,5,YES,30.65,29.8734,YES,30.65,29.5907,YES,47.97,50.0,YES,30.65,30.17,YES,0.575767,0.60045,2025-05-30 10:21:07
ICLN,12.61,5,YES,12.61,12.4345,YES,12.61,11.7706,YES,48.04,50.0,YES,12.61,12.55,YES,0.1083,0.215817,2025-05-30 10:16:34
IPAY,56.51,5,YES,56.51,55.633,YES,56.51,55.4097,YES,39.73,50.0,YES,56.51,55.6656,YES,0.811467,0.92565,2025-05-30 10:21:28
MELI,2545.49,5,YES,2545.49,2468.4065,YES,2545.49,2140.4842,YES,38.14,50.0,YES,2545.49,2507.83,YES,53.803333,69.498333,2025-05-30 09:31:14
META,645.05,5,YES,645.05,621.1168,YES,645.05,603.7155,YES,34.96,50.0,YES,645.05,627.06,YES,12.8,13.55,2025-05-30 09:14:36
PINS,31.06,5,YES,31.06,30.5506,YES,31.06,30.4011,YES,34.66,50.0,YES,31.06,30.9,YES,0.806667,0.898583,2025-05-30 09:26:44
QCLN,30.5,5,YES,30.5,30.3914,YES,30.5,30.4355,YES,40.0,50.0,YES,30.5,30.43,YES,0.584967,0.827483,2025-05-30 10:16:58
SAND,8.89,5,YES,8.89,8.5071,YES,8.89,7.364,YES,49.19,50.0,YES,8.89,8.75,YES,0.184967,0.237483,2025-05-30 10:03:34
XLK,231.63,5,YES,231.63,225.4443,YES,231.63,220.1664,YES,28.72,50.0,YES,231.63,226.81,YES,4.251667,4.3205,2025-05-30 10:12:59
XNTK,216.3239,5,YES,216.3239,211.5942,YES,216.3239,202.9729,YES,38.83,50.0,YES,216.3239,214.21,YES,3.4835,3.522917,2025-05-30 10:11:53
ABNB,128.36,4,NO,128.36,128.6677,YES,128.36,128.0416,YES,40.99,50.0,YES,128.36,126.72,YES,2.868333,3.134,2025-05-30 09:28:23
ABT,132.85,4,YES,132.85,132.2134,YES,132.85,127.989,NO,64.34,50.0,YES,132.85,131.3,YES,2.001667,2.129167,2025-05-30 09:28:48
ACI,22.16,4,YES,22.16,22.0055,YES,22.16,21.2799,NO,69.41,50.0,YES,22.16,22.1,YES,0.346667,0.369167,2025-05-30 09:30:00
ADBE,413.36,4,YES,413.36,401.0544,YES,413.36,404.377,NO,61.71,50.0,YES,413.36,407.69,YES,5.7201,6.68145,2025-05-30 09:39:41
ADI,215.75,4,YES,215.75,212.578,YES,215.75,207.4097,NO,65.01,50.0,YES,215.75,210.47,YES,4.876667,6.608333,2025-05-30 09:32:00
AEM,118.17,4,YES,118.17,113.9473,YES,118.17,104.1817,NO,62.51,50.0,YES,118.17,117.62,YES,2.463333,2.769167,2025-05-30 09:59:06
AFRM,52.05,4,YES,52.05,50.3614,NO,52.05,52.7644,YES,30.89,50.0,YES,52.05,49.3,YES,2.200433,2.454383,2025-05-30 09:42:36
AGNC,9.11,4,YES,9.11,8.9603,NO,9.11,9.2649,YES,29.17,50.0,YES,9.11,8.84,YES,0.16,0.2125,2025-05-30 09:37:05
AHR,34.84,4,YES,34.84,33.8978,YES,34.84,30.9092,NO,68.99,50.0,YES,34.84,34.33,YES,0.8407,0.883683,2025-05-30 09:37:28
AIG,83.59,4,YES,83.59,82.7782,YES,83.59,80.1305,NO,67.34,50.0,YES,83.59,81.62,YES,1.262333,1.2795,2025-05-30 09:37:53
AJG,341.9,4,YES,341.9,336.8079,YES,341.9,323.1881,NO,64.3,50.0,YES,341.9,338.04,YES,5.0531,5.36155,2025-05-30 09:38:40
AL,58.21,4,YES,58.21,54.9381,YES,58.21,49.2496,NO,64.79,50.0,YES,58.21,56.87,YES,1.133333,1.308333,2025-05-30 09:39:28
ALAB,96.61,4,YES,96.61,86.2365,YES,96.61,85.9069,NO,51.6,50.0,YES,96.61,94.62,YES,3.819967,4.6742,2025-05-30 09:39:52
ALL,206.76,4,YES,206.76,203.6224,YES,206.76,198.1895,NO,64.8,50.0,YES,206.76,203.24,YES,3.438333,3.5975,2025-05-30 09:41:54
ALLY,35.28,4,YES,35.28,34.5228,YES,35.28,34.9425,NO,70.41,50.0,YES,35.28,33.58,YES,0.808333,1.0222,2025-05-30 09:42:42
ALNY,292.9,4,YES,292.9,278.15,YES,292.9,258.1438,NO,54.37,50.0,YES,292.9,289.96,YES,6.898333,7.561667,2025-05-30 09:43:06
ALSN,104.8,4,YES,104.8,101.7968,YES,104.8,100.7254,NO,59.98,50.0,YES,104.8,102.34,YES,1.5133,1.77665,2025-05-30 09:43:30
AME,180.04,4,YES,180.04,176.3921,YES,180.04,175.1378,NO,56.1,50.0,YES,180.04,177.64,YES,2.804667,3.173167,2025-05-30 09:45:31
AN,182.6,4,YES,182.6,181.915,YES,182.6,175.626,NO,52.66,50.0,YES,182.6,182.21,YES,3.823333,4.688033,2025-05-30 09:48:44
ANGI,15.69,4,YES,15.69,15.259,YES,15.69,15.2481,YES,41.22,50.0,YES,15.69,15.56,NO,0.658333,0.569917,2025-05-30 09:49:31
APA,17.34,4,YES,17.34,17.0274,NO,17.34,18.9849,YES,42.33,50.0,YES,17.34,16.85,YES,0.491667,0.561667,2025-05-30 09:51:06
APG,46.76,4,YES,46.76,44.3404,YES,46.76,39.3044,NO,64.07,50.0,YES,46.76,45.61,YES,0.7742,1.088767,2025-05-30 09:51:55
APH,88.92,4,YES,88.92,83.5739,YES,88.92,73.4673,NO,66.35,50.0,YES,88.92,85.55,YES,1.693333,1.770833,2025-05-30 09:52:20
APTV,68.09,4,YES,68.09,64.8541,YES,68.09,61.369,NO,58.41,50.0,YES,68.09,66.06,YES,1.461667,1.599033,2025-05-30 09:54:20
ARCC,21.99,4,YES,21.99,21.5251,YES,21.99,21.6577,NO,67.83,50.0,YES,21.99,21.59,YES,0.270667,0.3245,2025-05-30 09:55:10
ARES,164.9,4,YES,164.9,162.2029,YES,164.9,161.9091,NO,79.61,50.0,YES,164.9,160.29,YES,3.08,4.206667,2025-05-30 09:55:59
ARKW,120.33,4,YES,120.33,114.5702,YES,120.33,107.1091,NO,50.92,50.0,YES,120.33,118.94,YES,2.918333,3.091667,2025-05-30 10:14:58
ARMK,40.17,4,YES,40.17,38.1936,YES,40.17,36.3351,NO,70.37,50.0,YES,40.17,39.12,YES,0.738333,0.770833,2025-05-30 09:56:23
ARW,119.27,4,YES,119.27,117.3049,YES,119.27,111.4307,NO,53.53,50.0,YES,119.27,117.13,YES,2.006667,2.150833,2025-05-30 09:56:46
ATR,158.33,4,YES,158.33,154.7838,YES,158.33,151.39,NO,64.06,50.0,YES,158.33,155.94,YES,1.9775,2.122083,2025-05-30 09:59:06
AVT,50.66,4,YES,50.66,50.3577,YES,50.66,49.9121,NO,54.62,50.0,YES,50.66,49.72,YES,0.938333,0.98375,2025-05-30 10:01:27
AWI,155.98,4,YES,155.98,153.4654,YES,155.98,146.2566,NO,53.11,50.0,YES,155.98,154.43,YES,3.509967,3.606317,2025-05-30 10:02:15
AXP,295.38,4,YES,295.38,287.2788,YES,295.38,282.8516,NO,73.23,50.0,YES,295.38,285.22,YES,5.148333,6.034167,2025-05-30 10:03:05
AXS,102.55,4,YES,102.55,100.3951,YES,102.55,95.4933,NO,59.65,50.0,YES,102.55,100.62,YES,2.157533,2.193567,2025-05-30 10:04:38
AYI,261.74,4,YES,261.74,260.7737,NO,261.74,271.0174,YES,49.84,50.0,YES,261.74,260.14,YES,4.396667,5.556667,2025-05-30 10:05:00
BALL,53.55,4,YES,53.55,52.5868,YES,53.55,52.037,NO,52.05,50.0,YES,53.55,51.76,YES,1.046667,1.198333,2025-05-30 10:07:50
BCPC,166.18,4,YES,166.18,165.4987,YES,166.18,163.5025,YES,46.53,50.0,YES,166.18,165.96,NO,2.947667,2.915733,2025-05-30 10:10:15
BEPC,29.31,4,YES,29.31,28.947,YES,29.31,28.0062,NO,68.63,50.0,YES,29.31,28.88,YES,0.68,0.896667,2025-05-30 10:11:40
BG,79.22,4,YES,79.22,79.0689,YES,79.22,77.1214,NO,66.9,50.0,YES,79.22,78.1,YES,1.474367,1.74885,2025-05-30 10:12:41
BHP,49.27,4,YES,49.27,49.254,YES,49.27,48.7665,YES,41.22,50.0,NO,49.27,49.89,YES,0.586667,0.624167,2025-05-30 09:56:49
BLK,976.32,4,YES,976.32,958.5149,YES,976.32,955.3895,NO,53.93,50.0,YES,976.32,963.18,YES,15.546667,17.496067,2025-05-30 10:17:08
BPOP,103.75,4,YES,103.75,101.4231,YES,103.75,96.2974,NO,63.6,50.0,YES,103.75,102.5,YES,1.674967,1.800817,2025-05-30 10:19:04
BR,239.72,4,YES,239.72,238.3282,YES,239.72,234.8839,NO,59.16,50.0,YES,239.72,236.97,YES,2.773333,3.135,2025-05-30 10:19:27
BROS,69.73,4,YES,69.73,67.2575,YES,69.73,63.0992,NO,61.26,50.0,YES,69.73,67.89,YES,2.2033,2.654967,2025-05-30 10:20:14
CARZ,58.57,4,YES,58.57,56.7107,YES,58.57,55.8482,YES,43.96,50.0,YES,58.57,56.57,NO,1.233,1.004833,2025-05-30 10:19:14
CCJ,59.15,4,YES,59.15,52.7833,YES,59.15,47.8191,NO,77.19,50.0,YES,59.15,58.69,YES,2.474033,2.723667,2025-05-30 10:07:24
COST,1008.74,4,NO,1008.74,1008.8405,YES,1008.74,977.2012,YES,38.15,50.0,YES,1008.74,1008.5,YES,12.015,12.91665,2025-05-30 09:33:15
CRWD,458.81,4,YES,458.81,439.3393,YES,458.81,395.4318,NO,58.01,50.0,YES,458.81,455.59,YES,15.044967,17.525817,2025-05-30 09:21:31
CTEC,6.52,4,YES,6.52,6.4773,YES,6.52,6.4115,YES,42.48,50.0,NO,6.52,6.6,YES,0.1633,0.198183,2025-05-30 10:19:08
DASH,204.58,4,YES,204.58,198.5523,YES,204.58,187.6476,YES,49.28,50.0,NO,204.58,206.15,YES,6.341933,7.168467,2025-05-30 09:26:20
DDOG,117.0,4,YES,117.0,112.4958,YES,117.0,115.3789,YES,47.66,50.0,YES,117.0,114.46,NO,2.952167,2.9009,2025-05-30 09:21:08
DOCU,85.71,4,NO,85.71,85.7227,YES,85.71,84.8256,YES,46.66,50.0,YES,85.71,84.61,YES,1.939967,2.49915,2025-05-30 09:19:14
DOMO,12.62,4,YES,12.62,9.7899,YES,12.62,8.2549,NO,64.18,50.0,YES,12.62,11.35,YES,0.966233,1.229767,2025-05-30 09:41:45
EBAY,72.74,4,YES,72.74,70.7333,YES,72.74,67.211,NO,57.59,50.0,YES,72.74,71.92,YES,1.185,1.229167,2025-05-30 09:32:05
FCX,39.03,4,YES,39.03,38.1321,YES,39.03,37.3893,NO,58.36,50.0,YES,39.03,39.02,YES,0.9,1.017817,2025-05-30 09:58:28
FNV,168.29,4,YES,168.29,165.1537,YES,168.29,151.7901,NO,57.99,50.0,YES,168.29,167.86,YES,3.224333,3.381333,2025-05-30 10:02:44
FSLY,7.34,4,YES,7.34,7.1862,NO,7.34,7.3809,YES,43.98,50.0,YES,7.34,7.19,YES,0.196667,0.270667,2025-05-30 09:23:34
GM,48.59,4,YES,48.59,48.429,YES,48.59,48.5245,YES,37.06,50.0,NO,48.59,48.69,YES,0.896667,0.947983,2025-05-30 09:45:04
GOOG,172.96,4,YES,172.96,166.7865,YES,172.96,171.0749,NO,65.24,50.0,YES,172.96,169.59,YES,3.928467,5.369233,2025-05-30 09:27:27
GOOGL,171.86,4,YES,171.86,165.3948,YES,171.86,169.4112,NO,59.81,50.0,YES,171.86,168.47,YES,3.947867,5.4356,2025-05-30 09:13:12
GRAB,4.89,4,YES,4.89,4.8894,YES,4.89,4.6775,YES,28.92,50.0,NO,4.89,4.95,YES,0.116667,0.1525,2025-05-30 09:30:50
GRID,130.77,4,YES,130.77,126.5432,YES,130.77,120.2384,NO,51.66,50.0,YES,130.77,128.98,YES,1.766667,1.89805,2025-05-30 10:18:06
HD,368.29,4,YES,368.29,368.1541,NO,368.29,373.0396,YES,36.63,50.0,YES,368.29,362.71,YES,5.948933,6.471133,2025-05-30 09:33:38
IDRV,30.71,4,YES,30.71,30.5179,YES,30.71,29.771,YES,35.85,50.0,NO,30.71,30.8,YES,0.3,0.391433,2025-05-30 10:19:11
IGV,102.35,4,YES,102.35,101.1175,YES,102.35,97.3991,NO,51.97,50.0,YES,102.35,101.93,YES,1.978333,1.988333,2025-05-30 10:13:49
INTU,757.22,4,YES,757.22,679.8862,YES,757.22,627.4008,NO,77.66,50.0,YES,757.22,720.13,YES,17.43,23.919167,2025-05-30 09:40:06
LULU,317.09,4,YES,317.09,305.9711,NO,317.09,321.6818,YES,49.75,50.0,YES,317.09,310.76,YES,8.0298,8.1949,2025-05-30 09:34:50
NET,164.16,4,YES,164.16,147.663,YES,164.16,128.8315,NO,58.47,50.0,YES,164.16,158.04,YES,4.070167,4.33995,2025-05-30 09:23:09
NKE,61.44,4,YES,61.44,60.7809,NO,61.44,65.6503,YES,39.13,50.0,YES,61.44,60.02,YES,2.046667,2.0475,2025-05-30 09:34:25
ORCL,162.9,4,YES,162.9,155.6387,YES,162.9,154.0032,YES,47.24,50.0,YES,162.9,155.97,NO,4.433333,3.871467,2025-05-30 09:16:48
PAAS,24.2,4,YES,24.2,24.1717,YES,24.2,23.9546,NO,74.68,50.0,YES,24.2,24.14,YES,0.617333,0.625317,2025-05-30 10:00:16
PAYC,255.68,4,YES,255.68,250.3873,YES,255.68,225.2829,YES,39.56,50.0,NO,255.68,257.9,YES,6.181667,6.245833,2025-05-30 09:42:34
PBW,18.1,4,YES,18.1,17.4571,YES,18.1,17.4957,NO,61.04,50.0,YES,18.1,17.51,YES,0.662867,0.6806,2025-05-30 10:16:09
PPG,111.31,4,YES,111.31,110.4613,YES,111.31,111.1696,NO,52.4,50.0,YES,111.31,110.08,YES,1.95,2.0633,2025-05-30 09:53:14
RBLX,84.79,4,YES,84.79,77.8944,YES,84.79,66.4335,NO,55.26,50.0,YES,84.79,82.26,YES,2.060567,2.22695,2025-05-30 09:20:20
ROBO,56.75,4,YES,56.75,54.9131,YES,56.75,54.2597,NO,50.44,50.0,YES,56.75,55.53,YES,1.0284,1.0492,2025-05-30 10:20:01
ROKU,72.8,4,YES,72.8,69.0363,YES,72.8,71.068,YES,46.17,50.0,YES,72.8,69.01,NO,2.7783,2.5395,2025-05-30 09:18:49
SCCO,92.39,4,YES,92.39,91.1989,YES,92.39,90.6821,NO,52.99,50.0,YES,92.39,92.34,YES,1.703333,2.038333,2025-05-30 09:58:05
SHOP,107.7,4,YES,107.7,102.9414,YES,107.7,101.6224,YES,30.22,50.0,YES,107.7,101.51,NO,4.036633,3.824983,2025-05-30 09:27:50
SMOG,109.3961,4,YES,109.3961,107.9308,YES,109.3961,102.699,YES,43.89,50.0,NO,109.3961,109.6471,YES,0.823,0.94755,2025-05-30 10:18:26
SNOW,202.31,4,YES,202.31,184.511,YES,202.31,166.6802,NO,84.21,50.0,YES,202.31,200.05,YES,6.606667,9.596667,2025-05-30 09:19:37
SOFI,13.17,4,YES,13.17,13.1405,NO,13.17,13.3501,YES,26.98,50.0,YES,13.17,13.09,YES,0.4067,0.46085,2025-05-30 09:43:18
THNQ,50.6837,4,YES,50.6837,49.2845,YES,50.6837,47.9462,YES,41.29,50.0,YES,50.6837,50.2725,NO,0.8925,0.845717,2025-05-30 10:20:45
TWLO,117.23,4,YES,117.23,110.87,YES,117.23,107.2558,NO,51.37,50.0,YES,117.23,113.49,YES,3.426767,3.4528,2025-05-30 09:23:59
U,23.77,4,YES,23.77,21.8877,YES,23.77,21.6583,YES,23.22,50.0,YES,23.77,20.75,NO,2.129733,1.849033,2025-05-30 09:20:43
URA,32.26,4,YES,32.26,28.6828,YES,32.26,26.2467,NO,89.46,50.0,YES,32.26,31.83,YES,1.143333,1.466667,2025-05-30 10:07:00
URNM,40.31,4,YES,40.31,37.8222,YES,40.31,36.5441,YES,40.73,50.0,NO,40.31,41.1,YES,1.406667,1.819433,2025-05-30 10:08:57
VGT,609.13,4,YES,609.13,591.6791,YES,609.13,581.0515,NO,61.71,50.0,YES,609.13,595.09,YES,11.156667,11.566333,2025-05-30 10:13:24
VWAGY,11.04,4,NO,11.04,11.175,YES,11.04,10.7019,YES,25.21,50.0,YES,11.04,10.77,YES,0.256667,0.265,2025-05-30 09:48:08
VZ,43.33,4,NO,43.33,43.4471,YES,43.33,42.6493,YES,17.84,50.0,YES,43.33,43.32,YES,0.446667,0.565,2025-05-30 09:37:13
WMT,97.1,4,YES,97.1,96.5901,YES,97.1,93.7677,NO,55.06,50.0,YES,97.1,96.34,YES,1.1847,1.344017,2025-05-30 09:32:27
WPM,86.06,4,YES,86.06,83.0385,YES,86.06,74.38,YES,43.02,50.0,NO,86.06,86.62,YES,1.591667,1.859167,2025-05-30 10:02:20
X,53.23,4,YES,53.23,45.5311,YES,53.23,40.6902,NO,93.99,50.0,YES,53.23,52.01,YES,1.146667,3.0695,2025-05-30 09:49:16
XPEV,20.1,4,YES,20.1,20.0621,YES,20.1,18.5491,NO,50.35,50.0,YES,20.1,20.0,YES,0.79,1.326667,2025-05-30 09:45:48
ZM,79.94,4,NO,79.94,80.1175,YES,79.94,78.4752,YES,40.58,50.0,YES,79.94,79.28,YES,1.531667,2.3275,2025-05-30 09:24:24
AA,27.63,3,YES,27.63,27.6212,NO,27.63,30.4842,YES,45.05,50.0,NO,27.63,28.07,YES,0.729,0.957,2025-05-30 09:56:50
AAL,11.4,3,YES,11.4,11.2239,NO,11.4,12.6426,YES,47.57,50.0,YES,11.4,11.19,NO,0.44,0.422786,2025-05-30 09:27:10
AAP,48.36,3,YES,48.36,39.6821,YES,48.36,39.1397,NO,78.19,50.0,NO,48.36,48.67,YES,3.803433,6.038383,2025-05-30 09:27:57
AAPL,199.95,3,NO,199.95,203.6162,NO,199.95,217.496,YES,39.31,50.0,YES,199.95,195.27,YES,4.533333,5.146667,2025-05-30 09:27:58
ACES,24.48,3,NO,24.48,24.5462,YES,24.48,24.2144,YES,22.52,50.0,NO,24.48,24.51,YES,0.34,0.645833,2025-05-30 10:18:47
ACGL,94.2,3,YES,94.2,93.1841,YES,94.2,92.5031,NO,67.43,50.0,YES,94.2,92.07,NO,1.998853,1.738576,2025-05-30 09:29:12
ACM,108.79,3,YES,108.79,105.7173,YES,108.79,101.5871,NO,59.05,50.0,YES,108.79,107.6,NO,1.915,1.865,2025-05-30 09:30:23
ACN,317.73,3,YES,317.73,312.8825,NO,317.73,323.9775,NO,52.83,50.0,YES,317.73,309.58,YES,4.367667,5.212417,2025-05-30 09:30:47
ADM,48.37,3,NO,48.37,48.537,YES,48.37,48.2652,NO,55.88,50.0,YES,48.37,47.94,YES,0.686667,0.9625,2025-05-30 09:32:25
ADP,324.12,3,YES,324.12,315.1422,YES,324.12,303.3305,NO,55.41,50.0,YES,324.12,321.09,NO,4.33,3.929167,2025-05-30 09:32:49
ADT,8.27,3,NO,8.27,8.2727,YES,8.27,7.83,NO,52.73,50.0,YES,8.27,8.22,YES,0.123333,0.175,2025-05-30 09:33:37
AES,10.05,3,NO,10.05,10.6645,NO,10.05,11.2802,YES,14.86,50.0,YES,10.05,9.99,YES,0.376667,0.58,2025-05-30 09:34:47
AIZ,199.96,3,YES,199.96,197.6601,NO,199.96,201.9468,NO,70.34,50.0,YES,199.96,196.52,YES,4.323333,5.295833,2025-05-30 09:38:16
ALGM,25.75,3,YES,25.75,24.5828,YES,25.75,23.3466,NO,54.92,50.0,YES,25.75,25.42,NO,1.039233,1.033933,2025-05-30 09:40:42
ALGN,183.05,3,YES,183.05,179.0143,NO,183.05,183.8891,NO,73.83,50.0,YES,183.05,170.8,YES,5.163333,5.894167,2025-05-30 09:41:05
ALK,52.03,3,YES,52.03,50.9339,NO,52.03,55.4464,NO,72.93,50.0,YES,52.03,50.71,YES,1.723333,1.856917,2025-05-30 09:41:30
ALLE,143.35,3,YES,143.35,141.0843,YES,143.35,133.6202,NO,64.34,50.0,YES,143.35,141.31,NO,2.636667,2.209167,2025-05-30 09:42:18
AM,18.86,3,YES,18.86,18.338,YES,18.86,17.0835,NO,50.93,50.0,YES,18.86,18.65,NO,0.32,0.295833,2025-05-30 09:43:54
AMAT,159.48,3,NO,159.48,160.0495,YES,159.48,158.2137,YES,16.73,50.0,YES,159.48,157.51,NO,4.949867,4.558433,2025-05-30 09:44:17
AMD,113.03,3,YES,113.03,108.8326,YES,113.03,106.7768,NO,78.26,50.0,YES,113.03,110.31,NO,3.594333,3.528483,2025-05-30 09:44:44
AMED,93.94,3,NO,93.94,94.1221,YES,93.94,92.9568,NO,60.29,50.0,YES,93.94,93.43,YES,0.566667,0.729167,2025-05-30 09:45:07
AMG,177.29,3,YES,177.29,175.4576,YES,177.29,172.4976,NO,51.85,50.0,YES,177.29,173.97,NO,4.0,3.6525,2025-05-30 09:45:54
AMH,37.5,3,NO,37.5,37.7948,YES,37.5,36.9308,YES,48.99,50.0,NO,37.5,37.65,YES,0.666667,0.721667,2025-05-30 09:46:17
AMKR,18.72,3,YES,18.72,18.6138,NO,18.72,20.108,NO,50.13,50.0,YES,18.72,18.27,YES,0.5509,0.59045,2025-05-30 09:47:07
AMP,509.92,3,YES,509.92,503.9461,YES,509.92,503.179,NO,50.19,50.0,YES,509.92,504.46,NO,9.341667,8.654167,2025-05-30 09:47:30
AMT,213.71,3,NO,213.71,213.8614,YES,213.71,206.4604,NO,59.85,50.0,YES,213.71,211.86,YES,3.463333,3.89,2025-05-30 09:47:54
AMTM,20.36,3,NO,20.36,20.9809,YES,20.36,20.3583,YES,47.0,50.0,NO,20.36,20.54,YES,0.825,0.944433,2025-05-30 09:48:19
APP,384.23,3,YES,384.23,347.728,YES,384.23,320.8032,NO,57.39,50.0,YES,384.23,354.29,NO,23.097633,19.810983,2025-05-30 09:53:33
AR,38.84,3,YES,38.84,38.5387,YES,38.84,37.2209,YES,44.86,50.0,NO,38.84,39.49,NO,1.216667,1.050833,2025-05-30 09:54:44
ARKQ,80.27,3,YES,80.27,76.7156,YES,80.27,73.6856,NO,61.25,50.0,YES,80.27,78.19,NO,2.211667,2.1022,2025-05-30 10:14:35
AS,36.85,3,YES,36.85,32.6509,YES,36.85,28.6571,NO,55.98,50.0,NO,36.85,37.04,YES,1.273333,1.618333,2025-05-30 09:57:09
ATI,79.76,3,YES,79.76,72.2001,YES,79.76,60.1254,NO,71.07,50.0,YES,79.76,75.64,NO,2.51,2.15575,2025-05-30 09:58:19
ATO,154.34,3,NO,154.34,156.7072,YES,154.34,151.4555,YES,41.29,50.0,NO,154.34,157.28,YES,2.335,2.496667,2025-05-30 09:58:43
AUR,6.24,3,NO,6.24,6.55,NO,6.24,6.7572,YES,30.26,50.0,YES,6.24,5.94,YES,0.275,0.306667,2025-05-30 09:59:28
AVAV,172.49,3,YES,172.49,164.9089,YES,172.49,152.6943,NO,72.98,50.0,YES,172.49,169.07,NO,7.054667,6.448167,2025-05-30 09:59:52
AVB,206.02,3,YES,206.02,204.4497,NO,206.02,210.1061,NO,74.74,50.0,YES,206.02,198.03,YES,3.741667,4.123333,2025-05-30 10:00:17
AVGO,241.97,3,YES,241.97,222.2048,YES,241.97,207.9858,NO,55.93,50.0,YES,241.97,228.72,NO,7.665,7.0658,2025-05-30 10:00:39
AVY,179.65,3,YES,179.65,178.2243,YES,179.65,179.0239,NO,50.76,50.0,YES,179.65,177.55,NO,3.306667,3.2505,2025-05-30 10:01:52
AWK,141.54,3,NO,141.54,142.8293,YES,141.54,138.5964,YES,47.96,50.0,NO,141.54,143.61,YES,2.131467,2.2749,2025-05-30 10:02:40
AZTA,27.33,3,NO,27.33,27.4222,NO,27.33,35.4204,YES,48.54,50.0,YES,27.33,27.0,YES,1.11,1.139167,2025-05-30 10:06:18
BA,208.18,3,YES,208.18,197.1032,YES,208.18,179.7195,NO,53.95,50.0,YES,208.18,202.36,NO,5.711667,4.985833,2025-05-30 10:06:39
BABA,117.18,3,NO,117.18,122.1024,YES,117.18,116.1709,YES,26.47,50.0,NO,117.18,120.73,YES,2.496667,2.6077,2025-05-30 09:28:35
BATT,8.77,3,YES,8.77,8.6101,YES,8.77,8.5328,NO,53.19,50.0,NO,8.77,8.775,YES,0.096667,0.1338,2025-05-30 10:10:29
BBIO,33.37,3,NO,33.37,33.9603,YES,33.37,33.3114,YES,41.69,50.0,YES,33.37,33.34,NO,1.273333,1.167167,2025-05-30 10:08:38
BC,51.44,3,YES,51.44,50.2477,NO,51.44,54.5581,NO,54.78,50.0,YES,51.44,49.76,YES,1.5238,1.923567,2025-05-30 10:09:51
BEN,21.8,3,YES,21.8,21.1906,YES,21.8,20.0644,NO,55.64,50.0,YES,21.8,21.51,NO,0.561667,0.512633,2025-05-30 10:11:16
BFAM,127.88,3,YES,127.88,125.016,YES,127.88,121.4081,NO,55.11,50.0,NO,127.88,129.62,YES,3.203333,4.096667,2025-05-30 10:12:17
BHF,59.1,3,YES,59.1,58.5456,YES,59.1,55.3446,NO,52.07,50.0,YES,59.1,57.91,NO,2.204667,2.093167,2025-05-30 10:13:05
BIIB,132.75,3,YES,132.75,125.4936,YES,132.75,132.6725,NO,78.17,50.0,YES,132.75,125.81,NO,3.996667,3.384583,2025-05-30 10:13:29
BIRK,53.43,3,NO,53.43,53.5318,YES,53.43,51.9924,NO,50.0,50.0,YES,53.43,53.22,YES,1.393333,1.813333,2025-05-30 10:14:18
BJ,111.04,3,NO,111.04,114.6995,YES,111.04,108.6851,YES,27.4,50.0,NO,111.04,116.48,YES,2.941667,3.5475,2025-05-30 10:14:43
BKNG,5502.0,3,YES,5502.0,5246.0997,YES,5502.0,4929.1005,NO,74.45,50.0,YES,5502.0,5332.8,NO,88.666667,79.037717,2025-05-30 10:15:31
BLDR,108.93,3,NO,108.93,113.4159,NO,108.93,127.2424,YES,47.68,50.0,YES,108.93,108.33,YES,3.39,3.713333,2025-05-30 10:16:44
BMI,248.48,3,YES,248.48,237.1474,YES,248.48,215.8791,NO,63.0,50.0,YES,248.48,243.46,NO,5.486667,5.174167,2025-05-30 10:17:30
BMY,47.85,3,YES,47.85,47.7276,NO,47.85,52.9892,YES,38.82,50.0,YES,47.85,46.85,NO,0.878,0.844,2025-05-30 10:18:18
BOTZ,31.31,3,YES,31.31,30.3605,YES,31.31,30.3498,NO,65.14,50.0,YES,31.31,30.57,NO,0.65,0.624467,2025-05-30 10:19:39
BSX,104.5,3,YES,104.5,103.8889,YES,104.5,99.6884,YES,49.65,50.0,NO,104.5,104.5,NO,1.989333,1.895017,2025-05-30 10:21:49
CDE,8.14,3,YES,8.14,7.3456,YES,8.14,6.3412,NO,69.23,50.0,YES,8.14,7.81,NO,0.446667,0.343267,2025-05-30 10:00:40
CMC,47.13,3,YES,47.13,46.6851,YES,47.13,46.7869,NO,55.21,50.0,YES,47.13,46.13,NO,1.98,1.50965,2025-05-30 09:50:27
COIN,248.84,3,YES,248.84,240.7727,YES,248.84,224.5564,NO,57.76,50.0,NO,248.84,263.16,YES,10.573333,12.33,2025-05-30 09:18:23
COPX,41.24,3,YES,41.24,39.9976,YES,41.24,39.0674,NO,60.26,50.0,NO,41.24,41.39,YES,0.605233,0.747533,2025-05-30 10:06:14
CSCO,63.05,3,YES,63.05,61.8537,YES,63.05,60.2979,YES,41.24,50.0,NO,63.05,63.11,NO,0.956667,0.9006,2025-05-30 09:38:24
CX,7.04,3,YES,7.04,6.7197,YES,7.04,6.1119,NO,53.65,50.0,NO,7.04,7.13,YES,0.17,0.1775,2025-05-30 09:52:00
ETSY,52.99,3,YES,52.99,47.8932,YES,52.99,48.4185,NO,89.19,50.0,YES,52.99,47.6,NO,2.426667,1.948333,2025-05-30 09:31:40
GDX,50.28,3,YES,50.28,48.787,YES,50.28,44.2954,NO,72.38,50.0,NO,50.28,50.53,YES,0.893333,1.008217,2025-05-30 10:05:00
GDXJ,64.58,3,YES,64.58,62.0413,YES,64.58,55.6566,NO,79.49,50.0,NO,64.58,64.67,YES,1.24,1.385,2025-05-30 10:04:39
GLD,305.61,3,YES,305.61,302.6163,YES,305.61,283.0339,NO,52.31,50.0,NO,305.61,309.75,YES,4.006667,4.293333,2025-05-30 10:04:16
HMC,30.54,3,YES,30.54,29.7399,YES,30.54,28.993,NO,71.68,50.0,YES,30.54,29.5,NO,0.578333,0.518333,2025-05-30 09:47:22
HOOD,63.95,3,YES,63.95,59.3027,YES,63.95,48.827,NO,64.79,50.0,YES,63.95,63.17,NO,2.888333,2.749683,2025-05-30 09:43:38
IAG,6.78,3,YES,6.78,6.7177,YES,6.78,6.3198,NO,63.05,50.0,YES,6.78,6.73,NO,0.344467,0.2889,2025-05-30 09:59:53
IBM,258.69,3,YES,258.69,256.6565,YES,258.69,244.681,NO,51.11,50.0,YES,258.69,258.63,NO,4.858967,4.7596,2025-05-30 09:38:50
INTC,20.25,3,NO,20.25,20.7868,NO,20.25,21.0644,YES,38.83,50.0,YES,20.25,20.05,YES,0.475,0.577367,2025-05-30 09:16:01
KGC,14.65,3,YES,14.65,14.3683,YES,14.65,12.7008,NO,81.25,50.0,NO,14.65,14.71,YES,0.341667,0.355833,2025-05-30 09:59:29
LIN,464.08,3,YES,464.08,456.9594,YES,464.08,448.5112,NO,63.23,50.0,YES,464.08,458.9,NO,6.299233,6.223783,2025-05-30 09:52:27
LYFT,15.35,3,YES,15.35,15.2497,YES,15.35,13.3684,YES,43.85,50.0,NO,15.35,16.1,NO,0.7278,0.6414,2025-05-30 09:25:31
MCD,311.86,3,NO,311.86,314.3512,YES,311.86,306.802,YES,49.11,50.0,NO,311.86,314.57,YES,3.457467,3.602067,2025-05-30 09:35:38
MDB,189.36,3,YES,189.36,184.6187,NO,189.36,201.6925,NO,63.23,50.0,YES,189.36,185.85,YES,4.325,5.269167,2025-05-30 09:22:45
MLM,548.48,3,YES,548.48,546.3913,YES,548.48,517.2133,YES,35.09,50.0,NO,548.48,561.72,NO,12.381667,10.414167,2025-05-30 09:51:13
MP,19.77,3,NO,19.77,21.2633,NO,19.77,22.1453,YES,31.02,50.0,YES,19.77,19.69,YES,0.956633,1.048317,2025-05-30 09:55:38
MSFT,458.68,3,YES,458.68,442.8169,YES,458.68,414.6971,NO,57.57,50.0,YES,458.68,450.18,NO,7.589833,7.125917,2025-05-30 09:13:34
NOW,1015.23,3,YES,1015.23,992.4903,YES,1015.23,949.4872,NO,50.11,50.0,YES,1015.23,1004.37,NO,21.612467,21.1453,2025-05-30 09:17:39
NUE,108.94,3,NO,108.94,113.3483,NO,108.94,118.9631,YES,43.98,50.0,YES,108.94,108.49,YES,2.334333,2.72845,2025-05-30 09:49:40
NVDA,139.19,3,YES,139.19,127.9172,YES,139.19,122.3576,NO,86.29,50.0,YES,139.19,131.29,NO,5.17,4.781667,2025-05-30 09:14:56
PLTR,122.32,3,YES,122.32,119.9691,YES,122.32,99.8247,NO,82.86,50.0,NO,122.32,123.31,YES,4.893267,5.4983,2025-05-30 09:19:57
PTON,7.14,3,YES,7.14,6.8091,YES,7.14,7.0849,NO,69.32,50.0,NO,7.14,7.57,YES,0.38,0.529167,2025-05-30 09:24:47
PYPL,70.93,3,YES,70.93,70.1523,NO,70.93,72.2049,YES,29.13,50.0,YES,70.93,69.85,NO,1.759733,1.62055,2025-05-30 09:18:02
QQQ,519.93,3,YES,519.93,505.501,YES,519.93,494.2643,NO,77.32,50.0,YES,519.93,509.24,NO,8.973333,8.751667,2025-05-30 10:12:36
QTEC,193.69,3,YES,193.69,190.2625,YES,193.69,184.9548,NO,58.28,50.0,YES,193.69,191.78,NO,4.028333,4.0225,2025-05-30 10:12:16
RACE,479.02,3,NO,479.02,479.888,YES,479.02,455.3065,NO,52.89,50.0,YES,479.02,476.22,YES,6.983333,8.443333,2025-05-30 09:47:46
RGLD,179.4,3,YES,179.4,176.7718,YES,179.4,162.1309,NO,55.26,50.0,NO,179.4,180.59,YES,2.778333,3.476667,2025-05-30 10:03:08
SE,161.21,3,YES,161.21,154.0896,YES,161.21,132.0108,YES,34.62,50.0,NO,161.21,164.06,NO,5.0332,4.9941,2025-05-30 09:30:28
SHW,355.75,3,YES,355.75,353.6753,YES,355.75,347.4321,NO,55.45,50.0,YES,355.75,352.51,NO,5.651667,5.511667,2025-05-30 09:52:50
SIL,42.94,3,YES,42.94,41.265,YES,42.94,38.136,NO,52.71,50.0,YES,42.94,42.66,NO,1.026633,1.00665,2025-05-30 10:05:25
SILJ,13.02,3,YES,13.02,12.5089,YES,13.02,11.711,NO,53.71,50.0,YES,13.02,12.84,NO,0.3746,0.3348,2025-05-30 10:05:50
SLV,30.3,3,YES,30.3,29.9053,YES,30.3,29.1294,NO,67.72,50.0,NO,30.3,30.45,YES,0.36,0.4525,2025-05-30 10:03:55
SNAP,8.28,3,NO,8.28,8.4503,NO,8.28,9.2064,YES,44.21,50.0,YES,8.28,8.23,YES,0.2226,0.2588,2025-05-30 09:27:06
SPOT,636.67,3,NO,636.67,637.3059,YES,636.67,577.3191,YES,37.0,50.0,NO,636.67,653.82,YES,20.900033,22.244833,2025-05-30 09:28:15
SSRM,11.74,3,YES,11.74,11.0763,YES,11.74,9.8875,NO,59.79,50.0,YES,11.74,11.52,NO,0.378333,0.3775,2025-05-30 10:01:28
STLA,10.31,3,YES,10.31,10.241,NO,10.31,11.207,YES,19.86,50.0,YES,10.31,9.89,NO,0.423333,0.383317,2025-05-30 09:48:30
T,27.38,3,NO,27.38,27.4038,YES,27.38,26.2485,YES,43.54,50.0,NO,27.38,27.42,YES,0.284967,0.34915,2025-05-30 09:36:49
TAN,31.93,3,NO,31.93,32.0925,YES,31.93,31.8199,NO,60.13,50.0,YES,31.93,31.73,YES,0.543333,1.171667,2025-05-30 10:17:44
TGT,94.87,3,NO,94.87,96.2504,NO,94.87,108.6955,YES,13.34,50.0,YES,94.87,94.29,YES,2.562567,3.50295,2025-05-30 09:32:50
TM,186.11,3,YES,186.11,185.4663,YES,186.11,185.451,NO,71.37,50.0,YES,186.11,182.3,NO,4.333333,3.4825,2025-05-30 09:46:57
TSLA,358.43,3,YES,358.43,326.9339,YES,358.43,316.5434,NO,79.22,50.0,YES,358.43,339.34,NO,15.083333,14.375,2025-05-30 09:45:06
UBOT,20.2122,3,YES,20.2122,19.1519,YES,20.2122,19.8038,NO,56.05,50.0,YES,20.2122,19.301,NO,0.822333,0.7533,2025-05-30 10:20:24
UPST,46.69,3,NO,46.69,47.2215,NO,46.69,52.4002,YES,36.94,50.0,YES,46.69,45.26,YES,2.293233,2.381617,2025-05-30 09:42:58
UUUU,5.03,3,YES,5.03,4.7466,YES,5.03,4.619,NO,72.25,50.0,NO,5.03,5.4,YES,0.276067,0.3644,2025-05-30 10:07:47
VALE,9.44,3,NO,9.44,9.5499,YES,9.44,9.4186,YES,30.79,50.0,NO,9.44,9.6,YES,0.156667,0.169983,2025-05-30 09:56:02
VEEV,279.04,3,YES,279.04,239.7206,YES,279.04,228.8211,NO,81.53,50.0,YES,279.04,233.0,NO,21.184967,12.935117,2025-05-30 09:40:55
WDAY,241.76,3,NO,241.76,253.4003,NO,241.76,250.1534,YES,32.1,50.0,YES,241.76,238.01,YES,4.761667,10.246667,2025-05-30 09:40:30
ZS,251.11,3,YES,251.11,242.6329,YES,251.11,212.8868,NO,58.34,50.0,NO,251.11,254.1,YES,5.5066,6.149517,2025-05-30 09:21:56
A,113.28,2,YES,113.28,110.5728,NO,113.28,118.9488,NO,67.84,50.0,YES,113.28,108.53,NO,3.596667,3.400833,2025-05-30 09:26:25
AAON,96.15,2,NO,96.15,98.4634,NO,96.15,97.6927,YES,30.2,50.0,NO,96.15,99.1,YES,2.920667,3.065333,2025-05-30 09:27:34
ABBV,185.62,2,YES,185.62,185.1521,NO,185.62,188.2933,NO,51.79,50.0,YES,185.62,183.26,NO,3.5073,3.25615,2025-05-30 09:28:22
ACHC,22.85,2,NO,22.85,24.0459,NO,22.85,29.9877,NO,54.62,50.0,YES,22.85,22.53,YES,0.866667,0.986667,2025-05-30 09:29:36
ACT,35.65,2,NO,35.65,35.7959,YES,35.65,34.5401,NO,62.88,50.0,YES,35.65,35.17,NO,0.8498,0.803233,2025-05-30 09:31:11
ADC,74.4,2,NO,74.4,75.1678,YES,74.4,74.3669,YES,48.6,50.0,NO,74.4,75.04,NO,1.205667,1.192,2025-05-30 09:31:36
AEP,102.53,2,NO,102.53,103.4072,YES,102.53,102.3583,NO,55.61,50.0,NO,102.53,102.88,YES,1.475,1.6351,2025-05-30 09:34:24
AFG,122.99,2,NO,122.99,124.136,NO,122.99,127.6869,NO,60.13,50.0,YES,122.99,121.54,YES,2.060333,2.205767,2025-05-30 09:35:34
AFL,102.81,2,NO,102.81,104.6556,NO,102.81,105.7209,NO,50.56,50.0,YES,102.81,102.53,YES,1.386667,1.58,2025-05-30 09:35:11
AGO,84.72,2,NO,84.72,85.6772,NO,84.72,87.1229,NO,57.63,50.0,YES,84.72,84.44,YES,1.476667,1.551667,2025-05-30 09:36:43
AKAM,76.09,2,NO,76.09,77.79,NO,76.09,83.1193,YES,43.39,50.0,YES,76.09,75.84,NO,1.78,1.679917,2025-05-30 09:39:04
ALB,57.49,2,NO,57.49,58.7434,NO,57.49,68.6049,YES,48.78,50.0,NO,57.49,57.61,YES,2.11,2.259167,2025-05-30 09:54:27
AMGN,283.54,2,YES,283.54,276.7536,NO,283.54,283.7138,NO,75.51,50.0,YES,283.54,271.66,NO,6.036667,4.98635,2025-05-30 09:46:43
AON,366.92,2,YES,366.92,360.6137,NO,366.92,369.8244,NO,69.47,50.0,YES,366.92,356.54,NO,7.571933,6.45985,2025-05-30 09:50:18
APD,273.17,2,YES,273.17,272.4953,NO,273.17,284.3516,NO,58.64,50.0,YES,273.17,269.84,NO,5.1096,5.013783,2025-05-30 09:52:02
APO,131.7,2,NO,131.7,134.7597,NO,131.7,142.2187,NO,58.43,50.0,YES,131.7,130.87,YES,3.026667,4.219167,2025-05-30 09:53:10
ARKG,21.02,2,NO,21.02,21.3414,NO,21.02,22.5818,NO,54.24,50.0,YES,21.02,20.92,YES,0.724467,0.800033,2025-05-30 10:15:23
ASH,50.92,2,NO,50.92,50.9266,NO,50.92,57.1548,NO,61.04,50.0,YES,50.92,49.3,YES,1.328333,1.396667,2025-05-30 09:57:33
AVTR,13.04,2,NO,13.04,13.1456,NO,13.04,16.011,NO,55.59,50.0,YES,13.04,12.69,YES,0.361667,0.475,2025-05-30 10:01:03
AXON,730.29,2,YES,730.29,699.7147,YES,730.29,617.7896,NO,61.05,50.0,NO,730.29,731.37,NO,17.946867,17.901083,2025-05-30 10:03:28
AXTA,31.21,2,NO,31.21,31.8293,NO,31.21,33.1781,YES,43.66,50.0,YES,31.21,30.94,NO,0.801667,0.788333,2025-05-30 10:04:15
AZEK,49.04,2,NO,49.04,49.6168,YES,49.04,48.1518,YES,48.72,50.0,NO,49.04,49.24,NO,1.085,0.994,2025-05-30 10:05:46
AZO,3689.63,2,NO,3689.63,3746.5871,YES,3689.63,3578.1187,YES,27.58,50.0,NO,3689.63,3826.46,NO,129.781,96.056333,2025-05-30 10:05:23
BAH,105.72,2,NO,105.72,118.2589,NO,105.72,118.9865,YES,20.82,50.0,NO,105.72,107.79,YES,4.465,7.185833,2025-05-30 10:07:25
BAX,30.7,2,NO,30.7,30.7249,NO,30.7,31.0698,NO,57.84,50.0,YES,30.7,30.12,YES,0.691667,0.695,2025-05-30 10:08:13
BILL,43.4,2,NO,43.4,45.2016,NO,43.4,55.0583,YES,48.44,50.0,NO,43.4,44.4,YES,1.786967,1.795983,2025-05-30 10:13:31
BIO,227.61,2,NO,227.61,236.693,NO,227.61,265.7086,NO,51.99,50.0,YES,227.61,223.78,YES,5.525,8.035833,2025-05-30 10:13:54
BK,89.07,2,YES,89.07,87.0428,YES,89.07,82.8493,NO,60.83,50.0,NO,89.07,89.09,NO,1.341667,1.3375,2025-05-30 10:15:07
BKR,37.36,2,YES,37.36,37.2212,NO,37.36,40.0048,NO,52.05,50.0,YES,37.36,36.74,NO,0.921667,0.8775,2025-05-30 10:15:56
BLD,282.54,2,NO,282.54,290.0809,NO,282.54,301.9388,NO,52.84,50.0,YES,282.54,279.65,YES,7.466667,7.895,2025-05-30 10:16:19
BOKF,94.61,2,NO,94.61,94.9597,NO,94.61,99.4758,NO,57.22,50.0,YES,94.61,92.9,YES,1.988333,2.08,2025-05-30 10:18:41
BRBR,61.71,2,NO,61.71,64.9616,NO,61.71,70.919,NO,57.89,50.0,YES,61.71,61.68,YES,2.058333,2.370833,2025-05-30 10:20:38
BRKR,37.26,2,NO,37.26,37.8185,NO,37.26,44.6001,NO,67.41,50.0,YES,37.26,35.5,YES,1.115,1.295833,2025-05-30 10:19:51
BRO,111.7,2,NO,111.7,111.7091,NO,111.7,112.0204,NO,55.2,50.0,YES,111.7,110.82,YES,1.624,1.867667,2025-05-30 10:21:01
BRX,25.61,2,YES,25.61,25.4156,NO,25.61,26.0394,NO,73.36,50.0,YES,25.61,24.64,NO,0.575,0.569167,2025-05-30 10:21:24
BYDDY,103.01,2,NO,103.01,106.4696,YES,103.01,93.6217,YES,12.29,50.0,NO,103.01,118.27,NO,6.29,4.701667,2025-05-30 09:46:33
CLF,5.9,2,NO,5.9,7.1204,NO,5.9,8.5056,YES,20.51,50.0,NO,5.9,6.48,YES,0.413333,0.429167,2025-05-30 09:48:53
DNN,1.6,2,YES,1.6,1.5288,YES,1.6,1.5366,NO,84.42,50.0,NO,1.6,1.68,NO,0.123333,0.121667,2025-05-30 10:08:10
F,10.22,2,NO,10.22,10.3466,YES,10.22,9.9851,YES,43.26,50.0,NO,10.22,10.36,NO,0.211567,0.20245,2025-05-30 09:44:41
FMC,39.32,2,YES,39.32,38.7888,NO,39.32,41.2394,NO,67.49,50.0,YES,39.32,38.22,NO,1.26,1.2375,2025-05-30 09:54:26
HL,5.16,2,YES,5.16,5.1388,NO,5.16,5.3111,NO,68.23,50.0,YES,5.16,5.1,NO,0.218333,0.190833,2025-05-30 10:01:03
LAC,2.75,2,NO,2.75,2.8673,NO,2.75,2.8991,YES,42.7,50.0,NO,2.75,2.84,YES,0.107633,0.12465,2025-05-30 09:55:14
LI,28.49,2,YES,28.49,27.5279,YES,28.49,25.7842,NO,51.9,50.0,NO,28.49,28.91,NO,0.948333,0.918881,2025-05-30 09:46:11
LIT,37.03,2,NO,37.03,37.5731,NO,37.03,38.6827,YES,20.98,50.0,NO,37.03,37.52,YES,0.493733,0.544367,2025-05-30 10:19:10
LOW,224.93,2,NO,224.93,226.253,NO,224.93,233.0675,NO,58.96,50.0,YES,224.93,221.07,YES,3.83,4.57,2025-05-30 09:34:03
NFLX,1184.86,2,YES,1184.86,1157.9581,YES,1184.86,1025.9348,NO,51.58,50.0,NO,1184.86,1185.39,NO,22.9967,19.543617,2025-05-30 09:36:27
RIVN,15.005,2,YES,15.005,14.8708,YES,15.005,13.251,NO,77.92,50.0,NO,15.005,15.63,NO,0.771633,0.749983,2025-05-30 09:43:59
RPM,113.68,2,YES,113.68,112.3152,NO,113.68,114.8494,NO,60.38,50.0,YES,113.68,111.92,NO,2.641667,2.250833,2025-05-30 09:53:38
RS,291.94,2,NO,291.94,295.7264,YES,291.94,286.5139,YES,38.14,50.0,NO,291.94,291.98,NO,6.732,6.621967,2025-05-30 09:50:50
STLD,125.15,2,NO,125.15,129.6007,NO,125.15,125.3909,YES,34.67,50.0,NO,125.15,125.32,YES,3.3,3.576667,2025-05-30 09:50:03
TCEHY,64.25,2,NO,64.25,64.5419,YES,64.25,60.9724,YES,28.26,50.0,NO,64.25,65.76,NO,1.087,1.051783,2025-05-30 09:30:05
TMUS,239.3,2,NO,239.3,243.683,NO,239.3,245.5315,YES,47.09,50.0,NO,239.3,242.88,YES,3.731667,3.800833,2025-05-30 09:37:37
VMC,265.31,2,NO,265.31,265.6496,YES,265.31,255.164,YES,35.41,50.0,NO,265.31,268.19,NO,5.568333,5.164167,2025-05-30 09:51:37
AEE,96.17,1,NO,96.17,97.0091,NO,96.17,96.3752,NO,58.17,50.0,NO,96.17,96.3,YES,1.590133,1.802567,2025-05-30 09:34:00
AMCR,9.08,1,NO,9.08,9.205,NO,9.08,9.4681,NO,56.2,50.0,YES,9.08,8.96,NO,0.1952,0.1851,2025-05-30 09:44:43
ANET,86.37,1,NO,86.37,90.0772,NO,86.37,91.7006,YES,21.38,50.0,NO,86.37,91.2,NO,3.2208,3.0329,2025-05-30 09:49:07
ANSS,328.74,1,NO,328.74,335.3346,NO,328.74,328.8997,YES,32.33,50.0,NO,328.74,342.17,NO,15.111667,9.790833,2025-05-30 09:49:55
AOS,64.73,1,NO,64.73,67.3116,NO,64.73,66.9092,YES,39.36,50.0,NO,64.73,67.02,NO,2.526667,2.099833,2025-05-30 09:50:42
APLS,17.41,1,NO,17.41,17.7823,NO,17.41,22.7027,NO,50.2,50.0,NO,17.41,17.44,YES,0.778767,0.84605,2025-05-30 09:52:44
APPF,209.42,1,NO,209.42,212.1592,NO,209.42,222.0155,NO,58.12,50.0,NO,209.42,209.83,YES,5.698333,5.865967,2025-05-30 09:53:56
ARE,71.25,1,NO,71.25,72.2206,NO,71.25,84.7179,NO,77.01,50.0,YES,71.25,67.83,NO,2.175833,2.1604,2025-05-30 09:55:35
ASTS,23.57,1,NO,23.57,24.7253,NO,23.57,24.3695,YES,36.38,50.0,NO,23.57,24.095,NO,1.445267,1.338633,2025-05-30 09:57:55
AXSM,104.64,1,NO,104.64,106.5416,NO,104.64,106.9044,YES,42.65,50.0,NO,104.64,105.07,NO,2.781667,2.6375,2025-05-30 10:03:51
BBWI,28.58,1,NO,28.58,31.1784,NO,28.58,32.8315,YES,37.06,50.0,NO,28.58,30.27,NO,1.586667,1.493333,2025-05-30 10:09:03
BBY,66.32,1,NO,66.32,69.9276,NO,66.32,74.2354,YES,37.95,50.0,NO,66.32,69.92,NO,3.661667,2.95,2025-05-30 10:09:27
BDX,173.82,1,NO,173.82,177.4662,NO,173.82,205.1042,NO,54.97,50.0,YES,173.82,171.38,NO,3.411667,3.243267,2025-05-30 10:10:39
BMRN,58.55,1,NO,58.55,59.4318,NO,58.55,63.4004,NO,56.68,50.0,YES,58.55,57.55,NO,1.11,1.100833,2025-05-30 10:17:55
CENX,15.85,1,NO,15.85,16.2423,NO,15.85,17.4151,NO,59.07,50.0,YES,15.85,15.68,NO,0.628333,0.62,2025-05-30 09:57:15
CMG,49.73,1,NO,49.73,50.7258,NO,49.73,52.5314,YES,38.9,50.0,NO,49.73,50.63,NO,1.023467,0.885067,2025-05-30 09:36:02
COAL,17.13,1,NO,17.13,17.158,NO,17.13,17.9785,NO,63.17,50.0,YES,17.13,16.9249,NO,0.309733,0.299767,2025-05-30 10:06:36
CRM,266.92,1,NO,266.92,277.4321,NO,266.92,289.1222,YES,29.44,50.0,NO,266.92,273.13,NO,11.683333,9.84805,2025-05-30 09:39:40
HCC,46.31,1,NO,46.31,47.0122,NO,46.31,48.9073,NO,66.54,50.0,YES,46.31,45.29,NO,2.098333,2.027917,2025-05-30 09:57:39
HPQ,24.95,1,NO,24.95,27.3203,NO,24.95,28.5714,YES,24.36,50.0,NO,24.95,27.98,NO,1.75,1.206883,2025-05-30 09:39:15
IFF,76.08,1,NO,76.08,76.1834,NO,76.08,78.6378,NO,52.82,50.0,YES,76.08,75.0,NO,1.833333,1.765833,2025-05-30 09:54:02
JD,32.94,1,NO,32.94,33.8441,NO,32.94,36.4466,YES,16.05,50.0,NO,32.94,33.35,NO,1.141667,0.91,2025-05-30 09:28:56
NIO,3.68,1,NO,3.68,3.8918,NO,3.68,4.0952,YES,37.58,50.0,NO,3.68,3.82,NO,0.133333,0.126667,2025-05-30 09:45:26
OKTA,106.63,1,NO,106.63,117.262,YES,106.63,104.211,NO,53.97,50.0,NO,106.63,123.72,NO,9.4873,6.454483,2025-05-30 09:22:20
PDD,98.29,1,NO,98.29,110.1734,NO,98.29,109.1197,YES,37.49,50.0,NO,98.29,119.24,NO,10.233,6.908033,2025-05-30 09:29:19
PLL,6.26,1,NO,6.26,6.7024,NO,6.26,7.3438,YES,43.65,50.0,NO,6.26,6.38,NO,0.335433,0.334383,2025-05-30 10:10:07
REMX,36.83,1,NO,36.83,37.8853,NO,36.83,39.0559,NO,59.39,50.0,NO,36.83,37.55,YES,0.55,0.712483,2025-05-30 10:09:20
RIO,60.2,1,NO,60.2,60.8605,NO,60.2,60.321,YES,36.59,50.0,NO,60.2,61.58,NO,0.825267,0.8105,2025-05-30 09:56:25
SBUX,84.05,1,NO,84.05,84.8781,NO,84.05,91.22,YES,48.21,50.0,NO,84.05,84.4,NO,2.682,2.5235,2025-05-30 09:35:13
SQM,31.46,1,NO,31.46,33.8552,NO,31.46,36.6401,YES,21.1,50.0,NO,31.46,32.98,NO,1.113333,0.9143,2025-05-30 09:54:51
TEAM,203.93,1,NO,203.93,213.0287,NO,203.93,230.261,YES,37.37,50.0,NO,203.93,206.82,NO,7.096667,6.2785,2025-05-30 09:41:19
UBER,84.3,1,NO,84.3,86.2958,YES,84.3,76.2739,NO,55.04,50.0,NO,84.3,87.75,NO,3.008333,2.6775,2025-05-30 09:25:09
URG,0.8447,1,YES,0.8447,0.7722,NO,0.8447,0.8463,NO,84.01,50.0,NO,0.8447,0.8705,NO,0.096167,0.09195,2025-05-30 10:08:33
LCID,2.41,0,NO,2.41,2.5931,NO,2.41,2.6089,NO,50.43,50.0,NO,2.41,2.56,NO,0.17,0.165,2025-05-30 09:44:19
S,17.39,0,NO,17.39,19.2936,NO,17.39,19.9415,NO,54.94,50.0,NO,17.39,19.76,NO,1.298333,0.946667,2025-05-30 09:38:02
